FPRS,0,<=0.05,<=0.1,<=0.2,,0,<=0.05,<=0.1,<=0.2,,0,<=0.05,<=0.1,<=0.2
model,threshold,threshold,threshold,threshold,,fpr,fpr,fpr,fpr,,tpr,tpr,tpr,tpr
model_dash_BMLF_cdr3a,0.9363,0.6956,0.4752,0.4306,,0,0.0263,0.0789,0.1842,,0.3553,0.5526,0.6974,0.7237
model_dash_BMLF_cdr3ab,0.9204,0.5821,0.4843,0.4044,,0,0.0395,0.0789,0.1974,,0.3816,0.6053,0.7237,0.7632
model_dash_BMLF_cdr3b,0.6241,0.5493,0.5041,0.474,,0,0.0395,0.0921,0.1842,,0.5526,0.6447,0.6974,0.7237
model_dash_BMLF_tra,0.9789,0.7683,0.5568,0.3708,,0,0.0395,0.0921,0.1711,,0.3289,0.6711,0.7368,0.7763
model_dash_BMLF_trab,0.9772,0.8462,0.6091,0.4074,,0,0.0263,0.0658,0.1711,,0.4868,0.6447,0.6579,0.8289
model_dash_BMLF_trb,0.9608,0.8075,0.7553,0.5952,,0,0.0395,0.0921,0.1447,,0.2632,0.6447,0.6579,0.7895
model_dash_M1_cdr3a,0.84,0.6125,0.4995,0.4007,,0,0.0473,0.0982,0.1927,,0.5709,0.68,0.7127,0.7455
model_dash_M1_cdr3ab,0.7753,0.5702,0.44,0.3474,,0,0.0436,0.0982,0.1964,,0.6618,0.72,0.7491,0.7855
model_dash_M1_cdr3b,0.8545,0.5929,0.4539,0.3753,,0,0.0436,0.0982,0.1855,,0.6364,0.7164,0.7382,0.7818
model_dash_M1_tra,0.8748,0.6763,0.5972,0.4036,,0,0.0473,0.0691,0.1891,,0.5127,0.6509,0.6909,0.7855
model_dash_M1_trab,0.9623,0.4553,0.4153,0.3382,,0,0.0473,0.0909,0.1964,,0.5709,0.7964,0.8036,0.8327
model_dash_M1_trb,0.9323,0.5097,0.4128,0.3352,,0,0.0255,0.0982,0.1891,,0.6873,0.7709,0.7818,0.8109
model_dash_pp65_cdr3a,0.7003,0.5517,0.5126,0.4997,,0,0.0492,0.0984,0.1803,,0.2295,0.2787,0.377,0.459
model_dash_pp65_cdr3ab,0.6792,0.6336,0.5646,0.5102,,0,0.0492,0.082,0.1639,,0.1803,0.2131,0.3115,0.4426
model_dash_pp65_cdr3b,0.6956,0.5997,0.5423,0.082,,0,0.0492,0.082,0.1967,,0.0656,0.1803,0.2623,0.4098
model_dash_pp65_tra,0.8137,0.6575,0.6446,0.5654,,0,0.0492,0.082,0.1967,,0.0984,0.3443,0.3607,0.3934
model_dash_pp65_trab,0.8874,0.8447,0.7806,0.5987,,0,0.0492,0.0984,0.1803,,0.1148,0.1967,0.2623,0.459
model_dash_pp65_trb,0.9372,0.7811,0.724,0.5703,,0,0.0492,0.0984,0.1967,,0.0164,0.2459,0.3607,0.5246
model_vdj_ATDALMTGY_cdr3b,0.8735,0.6669,0.5774,0.449,,0,0.0329,0.0987,0.1908,,0.375,0.6579,0.6842,0.7566
model_vdj_ATDALMTGY_trb,0.9279,0.739,0.5751,0.3372,,0,0.0461,0.0987,0.1776,,0.4934,0.7961,0.882,0.9605
model_vdj_CINGVCWTV_cdr3b,0.6938,0.579,0.5537,0.5386,,0,0.0263,0.0658,0.1184,,0.0526,0.1053,0.1711,0.2632
model_vdj_CINGVCWTV_trb,1,0.8473,0.7982,0.5282,,0,0.0395,0.0658,0.1974,,0,0.1711,0.25,0.4737
model_vdj_EIYKRWII_cdr3b,0.7136,0.6073,0.5576,0.494,,0,0.0494,0.0988,0.1852,,0.2716,0.4938,0.5926,0.6914
model_vdj_EIYKRWII_trb,0.862,0.6578,0.6155,0.5075,,0,0.037,0.0988,0.1975,,0.1111,0.3704,0.4568,0.6173
model_vdj_FLKEKGGL_cdr3b,0.8107,0.6811,0.6304,0.5103,,0,0.0481,0.0865,0.1731,,0.1731,0.375,0.4519,0.6731
model_vdj_FLKEKGGL_trb,0.8138,0.6904,0.6455,0.545,,0,0.0288,0.0769,0.1923,,0.2788,0.4712,0.5192,0.6538
model_vdj_FRDYVDRFYKTLRAEQASQE_cdr3b,0.8181,0.5756,0.4904,0.3956,,0,0.0496,0.0993,0.1844,,0.383,0.6454,0.7376,0.7801
model_vdj_FRDYVDRFYKTLRAEQASQE_trb,0.9615,0.705,0.1042,0.044,,0,0.0496,0.0709,0.1773,,0.4397,0.9504,0.9645,0.9858
model_vdj_GILGFVFTL_cdr3b,0.9376,0.541,0.4649,0.3594,,0,0.0377,0.0795,0.1883,,0.5565,0.728,0.7573,0.8075
model_vdj_GILGFVFTL_trb,0.8568,0.5427,0.4184,0.3262,,0,0.0418,0.0921,0.1799,,0.7448,0.7992,0.8243,0.8452
model_vdj_GLCTLVAML_cdr3b,0.7232,0.5027,0.4335,0.3344,,0,0.0435,0.0836,0.1973,,0.7023,0.8261,0.8495,0.8696
model_vdj_GLCTLVAML_trb,0.8984,0.5829,0.3909,0.3001,,0,0.0435,0.097,0.1806,,0.6187,0.8562,0.8896,0.903
model_vdj_GPGHKARVL_cdr3b,0.7011,0.6447,0.5207,0.5089,,0,0.0323,0.0968,0.1961,,0.2745,0.3529,0.4902,0.549
model_vdj_GPGHKARVL_trb,1,0.8249,0.7063,0.7063,,0,0.0484,0.0968,0.0968,,0,0.0161,0.0484,0.0484
model_vdj_GTSGSPIINR_cdr3b,0.7924,0.7731,0.6453,0.5728,,0,0.0196,0.098,0.1961,,0.2745,0.3529,0.4902,0.549
model_vdj_GTSGSPIINR_trb,0.9832,0.8313,0.7275,0.5737,,0,0.0392,0.0588,0.1569,,0.0196,0.5882,0.6078,0.6275
model_vdj_GTSGSPIVNR_cdr3b,0.8233,0.6864,0.6373,0.5352,,0,0.0462,0.0769,0.1846,,0.3692,0.5385,0.5846,0.6462
model_vdj_GTSGSPIVNR_trb,0.8329,0.5823,0.5585,0.3521,,0,0.0462,0.0769,0.2,,0.7692,0.7846,0.8,0.8154
model_vdj_IPSINVHHY_cdr3b,0.6886,0.5602,0.4885,0.4354,,0,0.0462,0.0769,0.1846,,0.4462,0.5846,0.6615,0.7077
model_vdj_IPSINVHHY_trb,0.7413,0.628,0.4924,0.4466,,0,0.0462,0.0923,0.2,,0.3846,0.5077,0.6769,0.7077
model_vdj_KAFSPEVIPMF_cdr3b,0.8985,0.671,0.5615,0.4303,,0,0.0448,0.0896,0.194,,0.3806,0.6567,0.7239,0.7985
model_vdj_KAFSPEVIPMF_trb,0.8942,0.6536,0.566,0.4494,,0,0.0448,0.0896,0.1866,,0.3806,0.694,0.7463,0.7687
model_vdj_KLVALGINAV_cdr3b,0.8445,0.7337,0.6842,0.5822,,0,0.0308,0.0923,0.2,,0.0308,0.1846,0.2615,0.4769
model_vdj_KLVALGINAV_trb,0.822,0.7931,0.7931,0.7075,,0,0.0154,0.0154,0.1077,,0.4308,0.4615,0.4615,0.4923
model_vdj_KRWIILGLNK_cdr3b,0.9023,0.6572,0.5421,0.4684,,0,0.0472,0.0943,0.1887,,0.1226,0.5047,0.6604,0.7406
model_vdj_KRWIILGLNK_trb,0.9146,0.7121,0.5534,0.4282,,0,0.0472,0.0943,0.1745,,0.2877,0.5896,0.75,0.816
model_vdj_LLWNGPMAV_cdr3b,0.7253,0.5041,0.5013,0.5003,,0,0.0493,0.0987,0.1928,,0.0359,0.1839,0.3049,0.4888
model_vdj_LLWNGPMAV_trb,0.9372,0.8357,0.7317,0.5689,,0,0.0448,0.0717,0.1883,,0.0135,0.2332,0.3094,0.4619
model_vdj_NLVPMVATV_cdr3b,0.8599,0.5632,0.5038,0.4391,,0,0.046,0.0823,0.1622,,0.4576,0.7458,0.7676,0.8136
model_vdj_NLVPMVATV_trb,0.859,0.5955,0.5092,0.4132,,0,0.0484,0.0993,0.1985,,0.4867,0.7506,0.7893,0.8281
model_vdj_PKYVKQNTLKLAT_cdr3b,0.5832,0.522,0.5144,0.5041,,0,0.0357,0.0714,0.1964,,0.0893,0.1429,0.1786,0.375
model_vdj_PKYVKQNTLKLAT_trb,1,0.7977,0.7724,0.6597,,0,0.0357,0.0893,0.1964,,0,0.1071,0.1964,0.5893
model_vdj_RAKFKQLL_cdr3b,0.8388,0.6644,0.5802,0.5167,,0,0.0489,0.0978,0.1511,,0.2533,0.6222,0.6933,0.7378
model_vdj_RAKFKQLL_trb,0.8919,0.7733,0.6772,0.4931,,0,0.0489,0.0933,0.1911,,0.2978,0.5778,0.7067,0.8044
model_vdj_RPRGEVRFL_cdr3b,0.8289,0.5185,0.4948,0.4007,,0,0.0441,0.0588,0.1471,,0.4265,0.5147,0.5294,0.5882
model_vdj_RPRGEVRFL_trb,0.7782,0.6711,0.4964,0.4124,,0,0.0441,0.882,0.1912,,0.4853,0.5,0.5882,0.6618
model_vdj_TPQDLNTML_cdr3b,0.7814,0.6596,0.5743,0.504,,0,0.0385,0.0962,0.1923,,0.4231,0.5,0.6154,0.75
model_vdj_TPQDLNTML_trb,0.945,0.7749,0.5512,0.3989,,0,0.0192,0.0962,0.1731,,0.5962,0.75,0.8077,0.9038
model_vdj_TPRVTGGGAM_cdr3b,0.9133,0.6587,0.5842,0.4804,,0,0.0435,0.087,0.1902,,0.1685,0.625,0.7011,0.7717
model_vdj_TPRVTGGGAM_trb,0.9763,0.7776,0.6718,0.4098,,0,0.0489,0.087,0.1793,,0.0543,0.7228,0.7772,0.8804
model_vdj_YVLDHLIVV_cdr3b,0.5933,0.5472,0.5254,0.5053,,0,0.0455,0.0758,0.1515,,0.5,0.5303,0.5455,0.6364
model_vdj_YVLDHLIVV_trb,0.7946,0.7155,0.6462,0.6111,,0,0.0455,0.0909,0.1515,,0.1515,0.3333,0.4697,0.5758
